epoch,accuracy,loss,val_accuracy,val_loss
0,0.2092130482196808,1.858813762664795,0.21388888359069824,1.8331584930419922
1,0.2092130482196808,1.7987931966781616,0.18888889253139496,1.7873375415802002
